,Query Path,length-before,length-after,ratio
0,../QF_DT2/20210312-Bouvier/vlsat3_b10.smt2,1488,1589,1.0678763440860215
1,../QF_DT2/20210312-Bouvier/vlsat3_b40.smt2,432,504,1.1666666666666667
2,../QF_DT2/20210312-Bouvier/vlsat3_b23.smt2,6084,6226,1.0233399079552925
3,../QF_DT2/20210312-Bouvier/vlsat3_b12.smt2,7000,7165,1.0235714285714286
4,../QF_DT2/20210312-Bouvier/vlsat3_b16.smt2,8588,8810,1.0258500232883092
5,../QF_DT2/20210312-Bouvier/vlsat3_b71.smt2,9543,9715,1.0180236822802053
6,../QF_DT2/20210312-Bouvier/vlsat3_h02.smt2,9643,10129,1.0503992533443949
7,../QF_DT2/20210312-Bouvier/vlsat3_h22.smt2,10485,10866,1.036337625178827
8,../QF_DT2/20210312-Bouvier/vlsat3_b35.smt2,3930,4081,1.0384223918575064
9,../QF_DT2/20210312-Bouvier/vlsat3_b06.smt2,9349,9537,1.0201091025778157
10,../QF_DT2/20210312-Bouvier/vlsat3_b58.smt2,16835,17121,1.016988416988417
11,../QF_DT2/20210312-Bouvier/vlsat3_h20.smt2,17712,18045,1.01880081300813
12,../QF_DT2/20210312-Bouvier/vlsat3_b07.smt2,1142,1247,1.0919439579684764
13,../QF_DT2/20210312-Bouvier/vlsat3_h25.smt2,18738,19071,1.0177713736791547
14,../QF_DT2/20210312-Bouvier/vlsat3_b54.smt2,18913,19203,1.0153333685824566
15,../QF_DT2/20210312-Bouvier/vlsat3_h26.smt2,10981,11270,1.026318185957563
16,../QF_DT2/20210312-Bouvier/vlsat3_h64.smt2,21447,21819,1.0173450832284237
17,../QF_DT2/20210312-Bouvier/vlsat3_b00.smt2,1487,1585,1.065904505716207
18,../QF_DT2/20210312-Bouvier/vlsat3_h92.smt2,21441,21795,1.0165104239541065
19,../QF_DT2/20210312-Bouvier/vlsat3_b57.smt2,5148,5348,1.0388500388500388
20,../QF_DT2/20210312-Bouvier/vlsat3_b43.smt2,16153,16424,1.0167770692750573
21,../QF_DT2/20210312-Bouvier/vlsat3_b82.smt2,23721,23984,1.0110872222924834
22,../QF_DT2/20210312-Bouvier/vlsat3_b36.smt2,5018,5175,1.0312873654842567
23,../QF_DT2/20210312-Bouvier/vlsat3_h43.smt2,23778,24124,1.0145512658760198
24,../QF_DT2/20210312-Bouvier/vlsat3_h52.smt2,16174,16508,1.0206504266106096
25,../QF_DT2/20210312-Bouvier/vlsat3_h84.smt2,11305,11662,1.0315789473684212
26,../QF_DT2/20210312-Bouvier/vlsat3_h68.smt2,21446,21815,1.017206005781964
27,../QF_DT2/20210312-Bouvier/vlsat3_b09.smt2,25681,25936,1.0099295198785094
28,../QF_DT2/20210312-Bouvier/vlsat3_b49.smt2,1143,1251,1.094488188976378
29,../QF_DT2/20210312-Bouvier/vlsat3_b08.smt2,6356,6544,1.0295783511642542
30,../QF_DT2/20210312-Bouvier/vlsat3_b94.smt2,1122,1257,1.1203208556149733
31,../QF_DT2/20210312-Bouvier/vlsat3_b38.smt2,23760,24052,1.0122895622895622
32,../QF_DT2/20210312-Bouvier/vlsat3_b17.smt2,9350,9541,1.020427807486631
33,../QF_DT2/20210312-Bouvier/vlsat3_b22.smt2,5036,5200,1.0325655281969817
34,../QF_DT2/20210312-Bouvier/vlsat3_h21.smt2,21450,21831,1.0177622377622377
35,../QF_DT2/20210312-Bouvier/vlsat3_b30.smt2,13192,13386,1.0147058823529411
36,../QF_DT2/20210312-Bouvier/vlsat3_b44.smt2,25682,25940,1.0100459465773695
37,../QF_DT2/20210312-Bouvier/vlsat3_h36.smt2,23805,24407,1.0252888048729258
38,../QF_DT2/20210312-Bouvier/vlsat3_b26.smt2,15865,16124,1.0163252442483455
39,../QF_DT2/20210312-Bouvier/vlsat3_b48.smt2,26567,26907,1.012797831896714
40,../QF_DT2/20210312-Bouvier/vlsat3_h65.smt2,32923,33567,1.0195607933663395
41,../QF_DT2/20210312-Bouvier/vlsat3_h53.smt2,23944,24267,1.0134898095556297
42,../QF_DT2/20210312-Bouvier/vlsat3_h42.smt2,9302,9595,1.0314986024510857
43,../QF_DT2/20210312-Bouvier/vlsat3_h48.smt2,17225,17576,1.020377358490566
44,../QF_DT2/20210312-Bouvier/vlsat3_b78.smt2,35173,35490,1.0090125948881243
45,../QF_DT2/20210312-Bouvier/vlsat3_h27.smt2,37392,38154,1.0203786906290115
46,../QF_DT2/20210312-Bouvier/vlsat3_h67.smt2,49538,50577,1.0209737978925268
47,../QF_DT2/20210312-Bouvier/vlsat3_h38.smt2,45641,46179,1.0117876470717118
48,../QF_DT2/20210312-Bouvier/vlsat3_b14.smt2,3075,3200,1.0406504065040652
49,../QF_DT2/20210312-Bouvier/vlsat3_h35.smt2,37719,38586,1.0229857631432435
50,../QF_DT2/20210312-Bouvier/vlsat3_b61.smt2,2648,2775,1.0479607250755287
51,../QF_DT2/20210312-Bouvier/vlsat3_h54.smt2,14389,14687,1.0207102647856001
52,../QF_DT2/20210312-Bouvier/vlsat3_b67.smt2,8097,8291,1.023959491169569
53,../QF_DT2/20210312-Bouvier/vlsat3_h33.smt2,11293,11612,1.028247587000797
54,../QF_DT2/20210312-Bouvier/vlsat3_b20.smt2,1939,2037,1.0505415162454874
55,../QF_DT2/20210312-Bouvier/vlsat3_b65.smt2,9959,10135,1.0176724570740034
56,../QF_DT2/20210312-Bouvier/vlsat3_b47.smt2,9066,9275,1.0230531656739466
57,../QF_DT2/20210312-Bouvier/vlsat3_h16.smt2,12280,12554,1.022312703583062
58,../QF_DT2/20210312-Bouvier/vlsat3_h14.smt2,16271,16719,1.0275336488230595
59,../QF_DT2/20210312-Bouvier/vlsat3_h10.smt2,19052,19759,1.0371089649380643
60,../QF_DT2/20210312-Bouvier/vlsat3_b50.smt2,1927,2034,1.0555267254800207
61,../QF_DT2/20210312-Bouvier/vlsat3_b68.smt2,18462,18761,1.0161954284476222
62,../QF_DT2/20210312-Bouvier/vlsat3_h06.smt2,19763,20347,1.0295501695086777
63,../QF_DT2/20210312-Bouvier/vlsat3_b52.smt2,8680,8894,1.0246543778801844
64,../QF_DT2/20210312-Bouvier/vlsat3_h70.smt2,29085,29441,1.0122399862472065
65,../QF_DT2/20210312-Bouvier/vlsat3_b01.smt2,13191,13382,1.014479569403381
66,../QF_DT2/20210312-Bouvier/vlsat3_h13.smt2,9389,9697,1.032804345510704
67,../QF_DT2/20210312-Bouvier/vlsat3_b63.smt2,17308,17535,1.0131153223942686
68,../QF_DT2/20210312-Bouvier/vlsat3_h01.smt2,9644,10133,1.0507051016175861
69,../QF_DT2/20210312-Bouvier/vlsat3_b11.smt2,3764,3913,1.039585547290117
70,../QF_DT2/20210312-Bouvier/vlsat3_b02.smt2,1483,1569,1.0579905596763317
71,../QF_DT2/20210312-Bouvier/vlsat3_h28.smt2,12099,12488,1.0321514174725184
72,../QF_DT2/20210312-Bouvier/vlsat3_b18.smt2,9455,9674,1.0231623479640402
73,../QF_DT2/20210312-Bouvier/vlsat3_h50.smt2,17883,18243,1.0201308505284348
74,../QF_DT2/20210312-Bouvier/vlsat3_h04.smt2,19552,20133,1.0297156301145662
75,../QF_DT2/20210312-Bouvier/vlsat3_b33.smt2,9280,9511,1.0248922413793105
76,../QF_DT2/20210312-Bouvier/vlsat3_b25.smt2,1484,1573,1.0599730458221024
77,../QF_DT2/20210312-Bouvier/vlsat3_b66.smt2,22703,22951,1.0109236664757961
78,../QF_DT2/20210312-Bouvier/vlsat3_b32.smt2,8777,8968,1.0217614218981428
79,../QF_DT2/20210312-Bouvier/vlsat3_h75.smt2,32716,33164,1.0136936055752537
80,../QF_DT2/20210312-Bouvier/vlsat3_b13.smt2,2028,2133,1.051775147928994
81,../QF_DT2/20210312-Bouvier/vlsat3_b45.smt2,33984,34276,1.0085922787193973
82,../QF_DT2/20210312-Bouvier/vlsat3_h88.smt2,18482,18841,1.0194243047289255
83,../QF_DT2/20210312-Bouvier/vlsat3_h19.smt2,34206,34633,1.012483190083611
84,../QF_DT2/20210312-Bouvier/vlsat3_b46.smt2,8213,8375,1.0197248264945817
85,../QF_DT2/20210312-Bouvier/vlsat3_b59.smt2,34161,34481,1.0093674072773045
86,../QF_DT2/20210312-Bouvier/vlsat3_h66.smt2,9359,9698,1.03622181857036
87,../QF_DT2/20210312-Bouvier/vlsat3_h32.smt2,11292,11608,1.0279844137442438
88,../QF_DT2/20210312-Bouvier/vlsat3_h41.smt2,31524,31872,1.0110392082223068
89,../QF_DT2/20210312-Bouvier/vlsat3_b29.smt2,3551,3703,1.0428048437059982
90,../QF_DT2/20210312-Bouvier/vlsat3_h24.smt2,16819,17168,1.0207503418752601
91,../QF_DT2/20210312-Bouvier/vlsat3_b74.smt2,23793,24085,1.012272517126886
92,../QF_DT2/20210312-Bouvier/vlsat3_h07.smt2,19072,19839,1.040216023489933
93,../QF_DT2/20210312-Bouvier/vlsat3_b73.smt2,18927,19153,1.011940613937761
94,../QF_DT2/20210312-Bouvier/vlsat3_h08.smt2,19770,20375,1.0306019221041982
95,../QF_DT2/20210312-Bouvier/vlsat3_b76.smt2,5853,5995,1.0242610627028874
96,../QF_DT2/20210312-Bouvier/vlsat3_b41.smt2,4204,4359,1.0368696479543291
97,../QF_DT2/20210312-Bouvier/vlsat3_b55.smt2,2966,3101,1.045515846257586
98,../QF_DT2/20210312-Bouvier/vlsat3_h45.smt2,48927,49631,1.0143887832893903
99,../QF_DT2/20210312-Bouvier/vlsat3_h69.smt2,21448,21823,1.0174841477060799
100,../QF_DT2/20210312-Bouvier/vlsat3_h61.smt2,43150,44076,1.021460023174971
101,../QF_DT2/20210312-Bouvier/vlsat3_b31.smt2,5579,5739,1.0286789747266536
102,../QF_DT2/20210312-Bouvier/vlsat3_h05.smt2,19762,20343,1.0293998583139359
103,../QF_DT2/20210312-Bouvier/vlsat3_h29.smt2,14323,14621,1.0208056971304895
104,../QF_DT2/20210312-Bouvier/vlsat3_b51.smt2,6073,6241,1.0276634282891486
105,../QF_DT2/20210312-Bouvier/vlsat3_b04.smt2,5017,5171,1.0306956348415388
106,../QF_DT2/20210312-Bouvier/vlsat3_h46.smt2,29308,29665,1.0121809744779582
107,../QF_DT2/20210312-Bouvier/vlsat3_b75.smt2,34063,34364,1.0088365675366233
108,../QF_DT2/20210312-Bouvier/vlsat3_h47.smt2,42288,43261,1.0230088914112752
109,../QF_DT2/20210312-Bouvier/vlsat3_h76.smt2,45992,46971,1.021286310662724
110,../QF_DT2/20210312-Bouvier/vlsat3_b62.smt2,15683,15895,1.0135178218453103
111,../QF_DT2/20210312-Bouvier/vlsat3_h11.smt2,22359,23611,1.0559953486291873
112,../QF_DT2/20210312-Bouvier/vlsat3_h58.smt2,21437,21779,1.0159537248682184
113,../QF_DT2/20210312-Bouvier/vlsat3_h39.smt2,48933,49655,1.0147548689023766
114,../QF_DT2/20210312-Bouvier/vlsat3_b77.smt2,11582,11788,1.0177862199965464
115,../QF_DT2/20210312-Bouvier/vlsat3_b28.smt2,2792,2923,1.046919770773639
116,../QF_DT2/20210312-Bouvier/vlsat3_b70.smt2,7422,7592,1.0229048773915386
117,../QF_DT2/20210312-Bouvier/vlsat3_h12.smt2,22746,23281,1.0235206190099357
118,../QF_DT2/20210312-Bouvier/vlsat3_b15.smt2,23787,24075,1.012107453651154
119,../QF_DT2/20210312-Bouvier/vlsat3_b24.smt2,17888,18146,1.0144230769230769
120,../QF_DT2/20210312-Bouvier/vlsat3_h40.smt2,12732,13164,1.0339302544769087
121,../QF_DT2/20210312-Bouvier/vlsat3_h60.smt2,23890,24213,1.0135203013813312
122,../QF_DT2/20210312-Bouvier/vlsat3_h34.smt2,33732,34763,1.0305644491877148
123,../QF_DT2/20210312-Bouvier/vlsat3_h82.smt2,21651,22019,1.0169969054547134
124,../QF_DT2/20210312-Bouvier/vlsat3_b69.smt2,34079,34375,1.0086857008715044
125,../QF_DT2/20210312-Bouvier/vlsat3_h62.smt2,21438,21783,1.0160929191155892
126,../QF_DT2/20210312-Bouvier/vlsat3_h03.smt2,9638,10109,1.0488690599709483
127,../QF_DT2/20210312-Bouvier/vlsat3_h80.smt2,33838,34276,1.0129440274247887
128,../QF_DT2/20210312-Bouvier/vlsat3_h17.smt2,27434,27778,1.0125391849529781
129,../QF_DT2/20210312-Bouvier/vlsat3_b19.smt2,1656,1765,1.0658212560386473
130,../QF_DT2/20210312-Bouvier/vlsat3_b27.smt2,33457,33850,1.0117464207789102
131,../QF_DT2/20210312-Bouvier/vlsat3_h31.smt2,29463,29892,1.01456063537318
132,../QF_DT2/20210312-Bouvier/vlsat3_h51.smt2,25551,25920,1.0144417048256429
133,../QF_DT2/20210312-Bouvier/vlsat3_b21.smt2,3071,3184,1.036795831976555
134,../QF_DT2/20210312-Bouvier/vlsat3_b42.smt2,28198,28886,1.0243988935385488
135,../QF_DT2/20210312-Bouvier/vlsat3_h15.smt2,18720,19254,1.028525641025641
136,../QF_DT2/20210312-Bouvier/vlsat3_h72.smt2,13602,14015,1.030363181885017
137,../QF_DT2/20210312-Bouvier/vlsat3_h94.smt2,21445,21811,1.017066915364887
138,../QF_DT2/20210312-Bouvier/vlsat3_h09.smt2,19772,20383,1.0309022860610966
139,../QF_DT2/20210312-Bouvier/vlsat3_h37.smt2,31573,32205,1.0200171032211067
140,../QF_DT2/20210312-Bouvier/vlsat3_b34.smt2,2029,2137,1.0532281912272055
141,../QF_DT2/20210312-Bouvier/vlsat3_h97.smt2,21443,21803,1.0167886956116214
142,../QF_DT2/20210312-Bouvier/vlsat3_b72.smt2,11248,11432,1.0163584637268848
143,../QF_DT2/20210312-Bouvier/vlsat3_h23.smt2,23316,23714,1.0170698232973066
144,../QF_DT2/20210312-Bouvier/vlsat3_h30.smt2,12975,13257,1.0217341040462429
145,../QF_DT2/20210312-Bouvier/vlsat3_b56.smt2,3077,3208,1.0425739356516086
146,../QF_DT2/20210312-Bouvier/vlsat3_b37.smt2,16462,16739,1.0168266310290366
147,../QF_DT2/20210312-Bouvier/vlsat3_h96.smt2,16983,17342,1.021138785844668
148,../QF_DT2/20210312-Bouvier/vlsat3_h74.smt2,21440,21791,1.0163712686567163
149,../QF_DT2/20210312-Bouvier/vlsat3_h00.smt2,7067,7433,1.0517900099051931
150,../QF_DT2/20210312-Bouvier/vlsat3_b92.smt2,24037,24309,1.0113158880059907
151,../QF_DT2/20210312-Bouvier/vlsat3_b03.smt2,6999,7161,1.0231461637376769
152,../QF_DT2/20210312-Bouvier/vlsat3_h56.smt2,19798,20343,1.0275280331346601
153,../QF_DT2/20210312-Bouvier/vlsat3_b64.smt2,4990,5141,1.030260521042084
154,../QF_DT2/20210312-Bouvier/vlsat3_b05.smt2,8776,8961,1.0210802187784869
155,../QF_DT2/20210312-Bouvier/vlsat3_h44.smt2,12931,13336,1.0313200835202228
156,../QF_DT2/20210312-Bouvier/vlsat3_b53.smt2,9623,9822,1.0206796217395822
157,../QF_UFDT/20210312-Bouvier/16244440/vlsat3_e01.smt2,2995,3514,1.173288814691152
158,../QF_DT2/20210312-Bouvier/vlsat3_b39.smt2,34239,34584,1.0100762288618241
159,../QF_DT2/20210312-Bouvier/vlsat3_h18.smt2,18739,19075,1.0179305192379529
160,../QF_UFDT/20210312-Bouvier/16244442/vlsat3_e92.smt2,7676,8741,1.1387441375716518
161,../QF_UFDT/20210312-Bouvier/16244445/vlsat3_e30.smt2,1590,2055,1.2924528301886793
162,../QF_UFDT/20210312-Bouvier/16244443/vlsat3_k26.smt2,16599,18243,1.0990421109705404
163,../QF_UFDT/20210312-Bouvier/16244448/vlsat3_e19.smt2,1430,1799,1.258041958041958
164,../QF_UFDT/20210312-Bouvier/16244447/vlsat3_e52.smt2,7144,8185,1.145716685330347
165,../QF_UFDT/20210312-Bouvier/16244450/vlsat3_e63.smt2,2622,3357,1.2803203661327232
166,../QF_UFDT/20210312-Bouvier/16244449/vlsat3_e28.smt2,8638,9526,1.1028015744385273
167,../QF_UFDT/20210312-Bouvier/16244441/vlsat3_k17.smt2,23539,25465,1.0818216576744977
168,../QF_UFDT/20210312-Bouvier/16244451/vlsat3_k75.smt2,21183,22821,1.0773261577680215
169,../QF_UFDT/20210312-Bouvier/16244454/vlsat3_k22.smt2,8539,9496,1.1120740133505094
170,../QF_UFDT/20210312-Bouvier/16244456/vlsat3_e34.smt2,3000,3534,1.178
171,../QF_UFDT/20210312-Bouvier/16244458/vlsat3_k13.smt2,8466,9861,1.164776754075124
172,../QF_UFDT/20210312-Bouvier/16244459/vlsat3_k58.smt2,11148,12300,1.1033369214208826
173,../QF_UFDT/20210312-Bouvier/16244460/vlsat3_e67.smt2,8083,8905,1.1016949152542372
174,../QF_UFDT/20210312-Bouvier/16244457/vlsat3_e05.smt2,18732,19935,1.0642216527866752
175,../QF_UFDT/20210312-Bouvier/16244463/vlsat3_k40.smt2,16449,18093,1.0999452854276857
176,../QF_UFDT/20210312-Bouvier/16244464/vlsat3_e56.smt2,9108,10209,1.1208827404479578
177,../QF_UFDT/20210312-Bouvier/16244452/vlsat3_k69.smt2,30968,32813,1.0595776285197622
178,../QF_DT2/20210312-Bouvier/vlsat3_h77.smt2,58114,58888,1.0133186495508828
179,../QF_UFDT/20210312-Bouvier/16244467/vlsat3_e20.smt2,5974,6676,1.1175092065617676
180,../QF_UFDT/20210312-Bouvier/16244466/vlsat3_e11.smt2,8694,9588,1.1028295376121464
181,../QF_DT2/20210312-Bouvier/vlsat3_b60.smt2,35182,35530,1.0098914217497583
182,../QF_UFDT/20210312-Bouvier/16244471/vlsat3_e09.smt2,462,732,1.5844155844155845
183,../QF_UFDT/20210312-Bouvier/16244472/vlsat3_e42.smt2,729,1050,1.440329218106996
184,../QF_UFDT/20210312-Bouvier/16244465/vlsat3_k07.smt2,19572,21177,1.0820049049662783
185,../QF_UFDT/20210312-Bouvier/16244469/vlsat3_k36.smt2,12797,13979,1.092365398140189
186,../QF_UFDT/20210312-Bouvier/16244468/vlsat3_k94.smt2,16791,18120,1.079149544398785
187,../QF_UFDT/20210312-Bouvier/16244476/vlsat3_e38.smt2,790,1123,1.4215189873417722
188,../QF_UFDT/20210312-Bouvier/16244477/vlsat3_e24.smt2,15647,17006,1.0868537099763533
189,../QF_UFDT/20210312-Bouvier/16244470/vlsat3_e82.smt2,21197,22556,1.0641128461574751
190,../QF_UFDT/20210312-Bouvier/16244474/vlsat3_k65.smt2,21490,23353,1.0866914844113542
191,../QF_UFDT/20210312-Bouvier/16244479/vlsat3_k32.smt2,11140,12226,1.0974865350089766
192,../QF_UFDT/20210312-Bouvier/16244478/vlsat3_k90.smt2,14262,16077,1.1272612536811106
193,../QF_UFDT/20210312-Bouvier/16244480/vlsat3_e86.smt2,8632,9502,1.100787766450417
194,../QF_UFDT/20210312-Bouvier/16244481/vlsat3_k79.smt2,12672,14382,1.1349431818181819
195,../QF_UFDT/20210312-Bouvier/16244484/vlsat3_e15.smt2,1446,1872,1.2946058091286308
196,../QF_UFDT/20210312-Bouvier/16244483/vlsat3_k03.smt2,13143,14496,1.1029445332115955
197,../QF_UFDT/20210312-Bouvier/16244475/vlsat3_e73.smt2,23487,24930,1.0614382424319837
198,../QF_UFDT/20210312-Bouvier/16244487/vlsat3_e77.smt2,10271,11297,1.0998929023464121
199,../QF_UFDT/20210312-Bouvier/16244488/vlsat3_e46.smt2,433,688,1.5889145496535797
200,../QF_UFDT/20210312-Bouvier/16244455/vlsat3_k80.smt2,33852,36069,1.065490960652251
201,../QF_UFDT/20210312-Bouvier/16244485/vlsat3_k61.smt2,21181,22813,1.07705018648789
202,../QF_UFDT/20210312-Bouvier/16244491/vlsat3_e10.smt2,1272,1647,1.294811320754717
203,../QF_UFDT/20210312-Bouvier/16244492/vlsat3_e21.smt2,6882,7647,1.1111595466434177
204,../QF_UFDT/20210312-Bouvier/16244490/vlsat3_k06.smt2,19571,21173,1.0818558070614686
205,../QF_UFDT/20210312-Bouvier/16244489/vlsat3_k50.smt2,23659,25147,1.062893613424067
206,../QF_UFDT/20210312-Bouvier/16244495/vlsat3_e83.smt2,504,732,1.4523809523809523
207,../QF_UFDT/20210312-Bouvier/16244496/vlsat3_e43.smt2,7061,8024,1.1363829485908512
208,../QF_UFDT/20210312-Bouvier/16244497/vlsat3_e08.smt2,11184,12396,1.1083690987124464
209,../QF_UFDT/20210312-Bouvier/16244500/vlsat3_e39.smt2,4078,4873,1.1949485041687102
210,../QF_UFDT/20210312-Bouvier/16244499/vlsat3_k64.smt2,14219,15377,1.0814403263239327
211,../QF_UFDT/20210312-Bouvier/16244502/vlsat3_e25.smt2,16541,18122,1.0955806783144912
212,../QF_UFDT/20210312-Bouvier/16244501/vlsat3_e72.smt2,21539,25349,1.176888434931984
213,../QF_UFDT/20210312-Bouvier/16244482/vlsat3_k48.smt2,37142,39404,1.060901405417048
214,../QF_UFDT/20210312-Bouvier/16244462/vlsat3_k71.smt2,42767,45269,1.0585030514181495
215,../QF_UFDT/20210312-Bouvier/16244506/vlsat3_e87.smt2,1556,1985,1.275706940874036
216,../QF_UFDT/20210312-Bouvier/16244507/vlsat3_k02.smt2,9504,10671,1.122790404040404
217,../QF_UFDT/20210312-Bouvier/16244508/vlsat3_k49.smt2,14153,15311,1.0818201088108528
218,../QF_UFDT/20210312-Bouvier/16244494/vlsat3_k37.smt2,35077,37228,1.0613222339424695
219,../QF_UFDT/20210312-Bouvier/16244509/vlsat3_e14.smt2,13137,14391,1.095455583466545
220,../QF_UFDT/20210312-Bouvier/16244511/vlsat3_e76.smt2,4136,5039,1.2183268858800773
221,../QF_UFDT/20210312-Bouvier/16244513/vlsat3_e47.smt2,462,735,1.5909090909090908
222,../QF_UFDT/20210312-Bouvier/16244505/vlsat3_k33.smt2,23548,25219,1.070961440462035
223,../QF_UFDT/20210312-Bouvier/16244515/vlsat3_e00.smt2,1433,1811,1.2637822749476622
224,../QF_UFDT/20210312-Bouvier/16244510/vlsat3_k60.smt2,17070,18300,1.0720562390158173
225,../QF_UFDT/20210312-Bouvier/16244514/vlsat3_k51.smt2,16704,17922,1.0729166666666667
226,../QF_UFDT/20210312-Bouvier/16244517/vlsat3_e93.smt2,11351,12401,1.0925028631838605
227,../QF_UFDT/20210312-Bouvier/16244516/vlsat3_k16.smt2,13414,14932,1.11316534963471
228,../QF_UFDT/20210312-Bouvier/16244520/vlsat3_e31.smt2,1959,2427,1.2388973966309342
229,../QF_UFDT/20210312-Bouvier/16244518/vlsat3_k27.smt2,23021,24896,1.081447374136658
230,../QF_UFDT/20210312-Bouvier/16244522/vlsat3_e18.smt2,393,636,1.618320610687023
231,../QF_UFDT/20210312-Bouvier/16244523/vlsat3_e53.smt2,12471,13722,1.100312725523214
232,../QF_UFDT/20210312-Bouvier/16244524/vlsat3_e62.smt2,2550,3177,1.2458823529411764
233,../QF_UFDT/20210312-Bouvier/16244525/vlsat3_e29.smt2,15911,17402,1.093708754949406
234,../QF_UFDT/20210312-Bouvier/16244526/vlsat3_k74.smt2,17606,19361,1.0996819266159263
235,../QF_UFDT/20210312-Bouvier/16244528/vlsat3_k23.smt2,13927,15493,1.1124434551590436
236,../QF_DT2/20210312-Bouvier/vlsat3_h89.smt2,56334,58193,1.0329996094720773
237,../QF_UFDT/20210312-Bouvier/16244529/vlsat3_k68.smt2,21186,22833,1.0777400169923534
238,../QF_UFDT/20210312-Bouvier/16244531/vlsat3_e35.smt2,3896,4685,1.2025154004106777
239,../QF_UFDT/20210312-Bouvier/16244532/vlsat3_e04.smt2,13029,14040,1.077596131706194
240,../QF_UFDT/20210312-Bouvier/16244533/vlsat3_k59.smt2,11176,12781,1.1436113099498926
241,../QF_UFDT/20210312-Bouvier/16244534/vlsat3_k12.smt2,21195,22869,1.0789808917197452
242,../QF_UFDT/20210312-Bouvier/16244536/vlsat3_e66.smt2,7284,8154,1.1194398682042834
243,../QF_UFDT/20210312-Bouvier/16244486/vlsat3_k88.smt2,49641,52467,1.0569287484136096
244,../QF_UFDT/20210312-Bouvier/16244538/vlsat3_k41.smt2,16957,18658,1.1003125552869022
245,../QF_UFDT/20210312-Bouvier/16244539/vlsat3_e57.smt2,9197,10163,1.1050342502990105
246,../QF_UFDT/20210312-Bouvier/16244540/vlsat3_e59.smt2,3529,4333,1.2278265797676395
247,../QF_UFDT/20210312-Bouvier/16244541/vlsat3_e12.smt2,1434,1815,1.2656903765690377
248,../QF_UFDT/20210312-Bouvier/16244537/vlsat3_k70.smt2,21182,22817,1.0771881786422435
249,../QF_UFDT/20210312-Bouvier/16244544/vlsat3_e81.smt2,10210,11212,1.0981390793339862
250,../QF_UFDT/20210312-Bouvier/16244545/vlsat3_e23.smt2,2997,3522,1.1751751751751751
251,../QF_UFDT/20210312-Bouvier/16244547/vlsat3_e68.smt2,8886,10005,1.12592842673869
252,../QF_UFDT/20210312-Bouvier/16244542/vlsat3_k04.smt2,19561,21133,1.0803639895710853
253,../QF_UFDT/20210312-Bouvier/16244549/vlsat3_e41.smt2,13363,14389,1.0767791663548605
254,../QF_UFDT/20210312-Bouvier/16244550/vlsat3_e70.smt2,2534,3137,1.2379636937647986
255,../QF_UFDT/20210312-Bouvier/16244551/vlsat3_e99.smt2,1076,1451,1.3485130111524164
256,../QF_UFDT/20210312-Bouvier/16244552/vlsat3_k66.smt2,9291,10869,1.1698417823700356
257,../QF_UFDT/20210312-Bouvier/16244554/vlsat3_e85.smt2,1774,2194,1.2367531003382186
258,../QF_UFDT/20210312-Bouvier/16244555/vlsat3_e27.smt2,4902,5649,1.1523867809057529
259,../QF_UFDT/20210312-Bouvier/16244553/vlsat3_k31.smt2,11154,12261,1.0992469069392146
260,../QF_UFDT/20210312-Bouvier/16244557/vlsat3_e16.smt2,17659,19072,1.0800158559374824
261,../QF_UFDT/20210312-Bouvier/16244543/vlsat3_k35.smt2,26266,28114,1.070357115662834
262,../QF_UFDT/20210312-Bouvier/16244558/vlsat3_k00.smt2,9526,10759,1.1294352298971237
263,../QF_UFDT/20210312-Bouvier/16244559/vlsat3_e74.smt2,4901,5750,1.173229953070802
264,../QF_UFDT/20210312-Bouvier/16244562/vlsat3_k18.smt2,10989,12090,1.1001911001911002
265,../QF_UFDT/20210312-Bouvier/16244564/vlsat3_e45.smt2,8639,9530,1.1031369371455029
266,../QF_UFDT/20210312-Bouvier/16244565/vlsat3_k14.smt2,9237,10323,1.1175706398181227
267,../QF_UFDT/20210312-Bouvier/16244566/vlsat3_e02.smt2,2996,3518,1.1742323097463285
268,../QF_UFDT/20210312-Bouvier/16244567/vlsat3_e49.smt2,1971,2496,1.2663622526636225
269,../QF_UFDT/20210312-Bouvier/16244561/vlsat3_k29.smt2,23515,25186,1.0710610248777377
270,../QF_UFDT/20210312-Bouvier/16244568/vlsat3_e78.smt2,15503,16625,1.072373089079533
271,../QF_UFDT/20210312-Bouvier/16244560/vlsat3_k62.smt2,23713,25201,1.06275039008139
272,../QF_UFDT/20210312-Bouvier/16244571/vlsat3_e91.smt2,4284,4926,1.149859943977591
273,../QF_UFDT/20210312-Bouvier/16244573/vlsat3_e51.smt2,5934,6807,1.147118301314459
274,../QF_UFDT/20210312-Bouvier/16244572/vlsat3_k25.smt2,15539,17105,1.1007786858871227
275,../QF_UFDT/20210312-Bouvier/16244570/vlsat3_e33.smt2,18733,19939,1.0643783697218812
276,../QF_UFDT/20210312-Bouvier/16244577/vlsat3_e60.smt2,3926,4655,1.1856851757514009
277,../QF_UFDT/20210312-Bouvier/16244575/vlsat3_k76.smt2,21191,22853,1.0784295219668727
278,../QF_UFDT/20210312-Bouvier/16244576/vlsat3_e89.smt2,21697,23581,1.0868322809605016
279,../QF_UFDT/20210312-Bouvier/16244579/vlsat3_e37.smt2,23782,25669,1.079345723656547
280,../QF_UFDT/20210312-Bouvier/16244580/vlsat3_e95.smt2,25268,27266,1.0790723444673105
281,../QF_UFDT/20210312-Bouvier/16244583/vlsat3_e06.smt2,1587,2043,1.287334593572779
282,../QF_UFDT/20210312-Bouvier/16244582/vlsat3_k10.smt2,18861,20541,1.0890726896771115
283,../QF_UFDT/20210312-Bouvier/16244581/vlsat3_k21.smt2,21194,22865,1.0788430687930546
284,../QF_UFDT/20210312-Bouvier/16244586/vlsat3_e64.smt2,2779,3550,1.2774379273119827
285,../QF_UFDT/20210312-Bouvier/16244587/vlsat3_e55.smt2,2609,3167,1.2138750479110771
286,../QF_UFDT/20210312-Bouvier/16244574/vlsat3_k47.smt2,34803,37014,1.063529006120162
287,../QF_UFDT/20210312-Bouvier/16244548/vlsat3_k57.smt2,41809,44230,1.0579061924466024
288,../QF_UFDT/20210312-Bouvier/16244591/vlsat3_e48.smt2,657,960,1.461187214611872
289,../QF_UFDT/20210312-Bouvier/16244592/vlsat3_e03.smt2,1429,1795,1.2561231630510847
290,../QF_UFDT/20210312-Bouvier/16244590/vlsat3_k15.smt2,15932,17486,1.0975395430579964
291,../QF_UFDT/20210312-Bouvier/16244589/vlsat3_k08.smt2,19573,21181,1.0821539876360293
292,../QF_UFDT/20210312-Bouvier/16244594/vlsat3_e32.smt2,6197,7190,1.1602388252380185
293,../QF_UFDT/20210312-Bouvier/16244597/vlsat3_k24.smt2,10011,11322,1.1309559484566976
294,../QF_UFDT/20210312-Bouvier/16244598/vlsat3_e50.smt2,1855,2332,1.2571428571428571
295,../QF_UFDT/20210312-Bouvier/16244596/vlsat3_e90.smt2,23417,24773,1.0579066490156723
296,../QF_UFDT/20210312-Bouvier/16244584/vlsat3_k39.smt2,31556,33665,1.0668335657244263
297,../QF_UFDT/20210312-Bouvier/16244600/vlsat3_e88.smt2,11819,13322,1.127168119130214
298,../QF_UFDT/20210312-Bouvier/16244602/vlsat3_e61.smt2,4065,4866,1.1970479704797048
299,../QF_UFDT/20210312-Bouvier/16244595/vlsat3_e79.smt2,25456,26854,1.0549182903834067
300,../QF_UFDT/20210312-Bouvier/16244604/vlsat3_e36.smt2,11935,13258,1.110850439882698
301,../QF_UFDT/20210312-Bouvier/16244606/vlsat3_k20.smt2,10298,11624,1.128762866576034
302,../QF_UFDT/20210312-Bouvier/16244588/vlsat3_k43.smt2,33431,35633,1.0658670096616913
303,../QF_UFDT/20210312-Bouvier/16244605/vlsat3_e94.smt2,13400,14876,1.1101492537313433
304,../QF_UFDT/20210312-Bouvier/16244608/vlsat3_e07.smt2,4901,5645,1.1518057539277697
305,../QF_UFDT/20210312-Bouvier/16244609/vlsat3_k73.smt2,11085,12129,1.0941813261163735
306,../QF_UFDT/20210312-Bouvier/16244611/vlsat3_e65.smt2,3129,3966,1.267497603068073
307,../QF_UFDT/20210312-Bouvier/16244612/vlsat3_e54.smt2,512,794,1.55078125
308,../QF_UFDT/20210312-Bouvier/16244610/vlsat3_k38.smt2,13300,14791,1.1121052631578947
309,../QF_UFDT/20210312-Bouvier/16244601/vlsat3_k77.smt2,21193,22861,1.0787052328599065
310,../QF_UFDT/20210312-Bouvier/16244616/vlsat3_e58.smt2,1213,1621,1.336356141797197
311,../QF_UFDT/20210312-Bouvier/16244615/vlsat3_e13.smt2,5456,6233,1.1424120234604105
312,../QF_UFDT/20210312-Bouvier/16244618/vlsat3_k34.smt2,13201,14647,1.1095371562760397
313,../QF_UFDT/20210312-Bouvier/16244619/vlsat3_e80.smt2,247,472,1.9109311740890689
314,../QF_UFDT/20210312-Bouvier/16244607/vlsat3_k11.smt2,20306,21977,1.0822909484881316
315,../QF_UFDT/20210312-Bouvier/16244621/vlsat3_e22.smt2,2016,2562,1.2708333333333333
316,../QF_UFDT/20210312-Bouvier/16244617/vlsat3_k05.smt2,19562,21137,1.0805132399550148
317,../QF_UFDT/20210312-Bouvier/16244613/vlsat3_k09.smt2,21199,22885,1.0795320533987451
318,../QF_UFDT/20210312-Bouvier/16244624/vlsat3_e40.smt2,5457,6237,1.142935678944475
319,../QF_UFDT/20210312-Bouvier/16244623/vlsat3_k56.smt2,12533,13970,1.114657304715551
320,../QF_UFDT/20210312-Bouvier/16244625/vlsat3_e71.smt2,9343,10456,1.1191266188590387
321,../QF_UFDT/20210312-Bouvier/16244626/vlsat3_k67.smt2,11856,13470,1.1361336032388665
322,../QF_UFDT/20210312-Bouvier/16244628/vlsat3_k30.smt2,10826,11900,1.0992056161093664
323,../QF_UFDT/20210312-Bouvier/16244629/vlsat3_e84.smt2,1746,2163,1.238831615120275
324,../QF_UFDT/20210312-Bouvier/16244630/vlsat3_e26.smt2,4673,5441,1.1643483843355447
325,../QF_UFDT/20210312-Bouvier/16244627/vlsat3_e98.smt2,16271,17513,1.0763321246389281
326,../QF_UFDT/20210312-Bouvier/16244614/vlsat3_k42.smt2,25271,27050,1.070396897629694
327,../QF_UFDT/20210312-Bouvier/16244633/vlsat3_k01.smt2,9507,10683,1.1236983275481225
328,../QF_UFDT/20210312-Bouvier/16244634/vlsat3_e75.smt2,10276,11578,1.1267029972752043
329,../QF_UFDT/20210312-Bouvier/16244635/vlsat3_k28.smt2,10881,12243,1.1251723187207059
330,../QF_UFDT/20210312-Bouvier/16244620/vlsat3_e69.smt2,25445,27086,1.064492041658479
331,../QF_UFDT/20210312-Bouvier/16244638/vlsat3_k19.smt2,11141,12230,1.097747060407504
332,../QF_UFDT/20210312-Bouvier/16244639/vlsat3_e44.smt2,8422,9484,1.1260983139396818
563,../QF_UFDT/20210312-Bouvier/16244632/vlsat3_e17.smt2,23939,25802,1.07782279961569
644,../QF_UFDT/20210312-Bouvier/16244637/vlsat3_k52.smt2,21192,22857,1.0785673839184597
1454,../QF_UFDT/20210312-Bouvier/16244599/vlsat3_k46.smt2,37435,39748,1.0617870976359023
6899,../QF_UFDT/20210312-Bouvier/16244585/vlsat3_k72.smt2,49224,51843,1.0532057532910775
7295,../QF_UFDT/20210312-Bouvier/16244636/vlsat3_k63.smt2,42853,45298,1.0570555153664853
7296,../QF_UFDT/20210312-Bouvier/16244631/vlsat3_k92.smt2,58707,61521,1.04793295518422
